"ID","Brand","Product","Category","Image URL","Public Reference Price GBP inc VAT","Observed Availability","Observed Source","Source URL","Checked Date","Actual Trade Cost ex VAT GBP","Actual MCQ Sell Price inc VAT GBP","MCQ Sellable","Trade Cost Status","Notes"
"mkt-thomann-hd25","Sennheiser","HD 25","headphones","https://www.blue-music.de/out/pictures/master/product/1/product-detail-x2-desktop-HD-25-Isofront-RGB-01-1-736918.jpg","105","CURRENT_LISTING","Thomann UK","https://www.thomann.co.uk/sennheiser_hd_25.htm","2026-09-20","","","NO","TRADE QUOTE REQUIRED","Public market observation only; not MCQ-held stock. MCQ must confirm trade supply, selling price, availability and fulfilment before payment."
"mkt-thomann-athm50x","Audio-Technica","ATH-M50X","headphones","https://hips.hearstapps.com/vader-prod.s3.amazonaws.com/1750176997-audio-technica-ath-m50x-headphones-001-685194d1af581.jpg?crop=0.700xw%3A0.933xh%3B0.132xw%2C0.0478xh&resize=980%3A%2A","129","IN_STOCK_IMMEDIATE","Thomann UK","https://www.thomann.co.uk/audio_technica_ath_m50_x.htm","2026-09-20","","","NO","TRADE QUOTE REQUIRED","Public market observation only; not MCQ-held stock. MCQ must confirm trade supply, selling price, availability and fulfilment before payment."
"mkt-thomann-sm58","Shure","SM58 LC","microphones","https://www.beatboxentertainment.com/cdn/shop/products/sm58_front.jpg?v=1673798437&width=2048","99","IN_STOCK_IMMEDIATE","Thomann UK","https://www.thomann.co.uk/shure_sm58.htm","2026-09-20","","","NO","TRADE QUOTE REQUIRED","Public market observation only; not MCQ-held stock. MCQ must confirm trade supply, selling price, availability and fulfilment before payment."
"mkt-thomann-sm57","Shure","SM57 LC","microphones","https://promusic.cl/cdn/shop/files/SM57_2_b22e3862-2138-4cf8-a70e-66418fff9a29.jpg?v=1765564417&width=2000","95","CURRENT_LISTING","Thomann UK","https://www.thomann.co.uk/shure_sm57_lc.htm","2026-09-20","","","NO","TRADE QUOTE REQUIRED","Public market observation only; not MCQ-held stock. MCQ must confirm trade supply, selling price, availability and fulfilment before payment."
"mkt-thomann-e835","Sennheiser","e835","microphones","https://cdn11.bigcommerce.com/s-qzsvj0y9o3/images/stencil/1280x1280/products/64239/430631/YOTHER139968__51474.1726049688.jpg?c=1","77","IN_STOCK","Thomann UK","https://www.thomann.co.uk/sennheiser_e835.htm","2026-09-20","","","NO","TRADE QUOTE REQUIRED","Public market observation only; not MCQ-held stock. MCQ must confirm trade supply, selling price, availability and fulfilment before payment."
"mkt-thomann-hs5","Yamaha","HS5","studio","https://www.musicworks.co.nz/content/products/yamaha-hs5-powered-studio-monitor-5-inch-hs5-0351048001710815370.jpg?canvas=1%3A1&width=2500","139","CURRENT_TOP_SELLER","Thomann UK","https://www.thomann.co.uk/yamaha_hs_5.htm","2026-09-20","","","NO","TRADE QUOTE REQUIRED","Public market observation only; not MCQ-held stock. MCQ must confirm trade supply, selling price, availability and fulfilment before payment."
"mkt-thomann-t5v","ADAM Audio","T5V","studio","https://m.media-amazon.com/images/S/aplus-media-library-service-media/8b7df165-3524-4f71-a5e5-6dc16d12357a.__CR0%2C0%2C1940%2C1200_PT0_SX970_V1___.jpg","155","CURRENT_LISTING","Thomann UK","https://www.thomann.co.uk/adam_t5v.htm","2026-09-20","","","NO","TRADE QUOTE REQUIRED","Public market observation only; not MCQ-held stock. MCQ must confirm trade supply, selling price, availability and fulfilment before payment."
"mkt-thomann-jbl305","JBL","305P MKII","studio","https://cdn10.bigcommerce.com/s-31108/products/1079/images/19389/JBL_305P_MKII_A__41178.1593773189.1280.1280.jpg?c=2","119","IN_STOCK","Thomann UK","https://www.thomann.co.uk/jbl_lsr_305p_mkii.htm","2026-09-20","","","NO","TRADE QUOTE REQUIRED","Public market observation only; not MCQ-held stock. MCQ must confirm trade supply, selling price, availability and fulfilment before payment."
"mkt-thomann-eris35","PreSonus","Eris 3.5 2nd Gen","studio","https://produtos.egitana.pt/presonus-eris-35-2nd-gen_652d136f6b2ef.jpg?v=2026-04-15+09%3A30%3A11","85","CURRENT_LISTING","Thomann UK","https://www.thomann.co.uk/presonus_eris_3.5_2nd_gen.htm","2026-09-20","","","NO","TRADE QUOTE REQUIRED","Public market observation only; not MCQ-held stock. MCQ must confirm trade supply, selling price, availability and fulfilment before payment."
"mkt-thomann-sclive4","Denon DJ","SC Live 4","dj","https://rubadub.co.uk/cdn/shop/products/SCLIVE4_Top_Web_1200x.jpg?v=1667396610","933","IN_STOCK","Thomann UK","https://www.thomann.co.uk/denon_dj_sc_live_4.htm","2026-09-20","","","NO","TRADE QUOTE REQUIRED","Public market observation only; not MCQ-held stock. MCQ must confirm trade supply, selling price, availability and fulfilment before payment."
"mkt-thomann-mixstream","Numark","Mixstream Pro+","dj","https://westenddj.co.uk/cdn/shop/products/mixstream-pro-plus-top.jpg?v=1700694486&width=1024","559","CURRENT_LISTING","Thomann UK","https://www.thomann.co.uk/numark_mixstream_pro_559714.htm","2026-09-20","","","NO","TRADE QUOTE REQUIRED","Public market observation only; not MCQ-held stock. MCQ must confirm trade supply, selling price, availability and fulfilment before payment."
"mkt-thomann-sl1210mk7","Technics","SL-1210MK7","turntables","https://a.storyblok.com/f/49568/4102x4102/b654e8affd/tps_1335_479661_december138002-479661n.jpg/m/1600x0/filters%3Aquality%2890%29","855","CURRENT_LISTING_VERIFY_LEAD","Thomann UK","https://www.thomann.co.uk/technics_sl_1210_mk_7.htm","2026-09-20","","","NO","TRADE QUOTE REQUIRED","Public market observation only; not MCQ-held stock. MCQ must confirm trade supply, selling price, availability and fulfilment before payment."
"mkt-thomann-ts412","Alto Professional","TS412","pa","https://static.sonovente.com/img/library/zoom/84/optim/84763_1.jpg","298","HIGH_AVAILABILITY","Thomann UK","https://www.thomann.co.uk/alto_ts_412.htm","2026-09-20","","","NO","TRADE QUOTE REQUIRED","Public market observation only; not MCQ-held stock. MCQ must confirm trade supply, selling price, availability and fulfilment before payment."
"mkt-thomann-eon715","JBL","EON715","pa","https://www.americanmusical.com/media/catalog/product/j/b/jbl_eon715_m4.jpg","479","CURRENT_LISTING_VERIFY_STOCK","Thomann UK","https://www.thomann.co.uk/jbl_eon715.htm","2026-09-20","","","NO","TRADE QUOTE REQUIRED","Public market observation only; not MCQ-held stock. MCQ must confirm trade supply, selling price, availability and fulfilment before payment."
"mkt-thomann-h4essential","Zoom","H4essential","recorders","https://cdn.uniquephoto.com/resources/uniquephoto/images/products/processed/ZOM3065.superZoom.l.jpg","169","HIGH_CONFIDENCE","Thomann UK","https://www.thomann.co.uk/zoom_h4essential.htm","2026-09-20","","","NO","TRADE QUOTE REQUIRED","Public market observation only; not MCQ-held stock. MCQ must confirm trade supply, selling price, availability and fulfilment before payment."
"mkt-thomann-concorde-mix","Ortofon","Concorde Mix MKII System","turntables","https://hifi.nl/gfx/20180125102510_Ortofon_Concorde_Mix.jpg","72","CURRENT_LISTING","Thomann UK","https://www.thomann.co.uk/ortofon_concorde_mix_mkii_system.htm","2026-09-20","","","NO","TRADE QUOTE REQUIRED","Public market observation only; not MCQ-held stock. MCQ must confirm trade supply, selling price, availability and fulfilment before payment."
"mkt-g4m-flx10","Pioneer DJ","DDJ-FLX10","dj","https://www.pioneerdj.com/product-images/1303/130db239-d874-411b-b2ea-395c83f09255/ddj-flx10_1.png","1568","12_IN_STOCK_AT_SCAN","Gear4music","https://www.gear4music.com/PA-DJ-and-Lighting/Pioneer-DJ-DDJ-FLX10-Controller-for-Rekordbox-and-Serato/5HVN","2026-09-20","","","NO","TRADE QUOTE REQUIRED","Public market observation only; not MCQ-held stock. MCQ must confirm trade supply, selling price, availability and fulfilment before payment."
"mkt-westend-flx4","Pioneer DJ","DDJ-FLX4","dj","https://www.pioneerdj.com/product-images/556/d067d24e-28a0-42d1-ac50-5cf2392f755e/ddj-flx4_1.png","299","ADD_TO_CART","WestendDJ","https://westenddj.co.uk/products/pioneer-dj-ddj-flx4-smart-dj-controller","2026-09-20","","","NO","TRADE QUOTE REQUIRED","Public market observation only; not MCQ-held stock. MCQ must confirm trade supply, selling price, availability and fulfilment before payment."
"mkt-g4m-flx4","Pioneer DJ","DDJ-FLX4","dj","https://www.pioneerdj.com/product-images/556/d067d24e-28a0-42d1-ac50-5cf2392f755e/ddj-flx4_1.png","324","20_PLUS_IN_STOCK_AT_SCAN","Gear4music","https://www.gear4music.com/PA-DJ-and-Lighting/DJ-Controllers","2026-09-20","","","NO","TRADE QUOTE REQUIRED","Public market observation only; not MCQ-held stock. MCQ must confirm trade supply, selling price, availability and fulfilment before payment."
"mkt-g4m-sclive4","Denon DJ","SC Live 4","dj","https://rubadub.co.uk/cdn/shop/products/SCLIVE4_Top_Web_1200x.jpg?v=1667396610","979","1_IN_STOCK_AT_SCAN","Gear4music","https://www.gear4music.com/PA-DJ-and-Lighting/DJ-Controllers","2026-09-20","","","NO","TRADE QUOTE REQUIRED","Public market observation only; not MCQ-held stock. MCQ must confirm trade supply, selling price, availability and fulfilment before payment."
"mkt-g4m-grv6","AlphaTheta","DDJ-GRV6","dj","https://cf1.zzounds.com/media/productmedia/fit%2C2018by3200/quality%2C85/APT_DDJGRV6_Angle_891889-5ba349dfa7d8510f7e3f7781ed0c02ba.jpg","756","13_IN_STOCK_AT_SCAN","Gear4music","https://www.gear4music.com/PA-DJ-and-Lighting/DJ-Controllers","2026-09-20","","","NO","TRADE QUOTE REQUIRED","Public market observation only; not MCQ-held stock. MCQ must confirm trade supply, selling price, availability and fulfilment before payment."
"mkt-westend-flx10","Pioneer DJ","DDJ-FLX10","dj","https://www.pioneerdj.com/product-images/1303/130db239-d874-411b-b2ea-395c83f09255/ddj-flx10_1.png","1449","CURRENT_LISTING","WestendDJ","https://westenddj.co.uk/collections/pioneer-dj-1","2026-09-20","","","NO","TRADE QUOTE REQUIRED","Public market observation only; not MCQ-held stock. MCQ must confirm trade supply, selling price, availability and fulfilment before payment."
"mkt-sony-mdr7506","Sony","MDR-7506","headphones","https://www.audiosaurus.co.za/cdn/shop/files/ASR-Sony-MDR7506-01a.png?v=1768311214&width=2048","85","CURRENT_LISTING_VERIFY_STOCK","Thomann UK","https://www.thomann.co.uk/sony_mdr7506_kopfhoerer.htm","2026-09-20","","","NO","TRADE QUOTE REQUIRED","Public market observation only; not MCQ-held stock. MCQ must confirm trade supply, selling price, availability and fulfilment before payment."
"mkt-hd280pro","Sennheiser","HD 280 Pro","headphones","https://mitechdirect.com/cdn/shop/files/Sennheiser-HD-280-PRO-Studio-Monitoring-Headphones.jpg?v=1767681619&width=1200","77","IN_STOCK_AT_SCAN","Thomann UK","https://www.thomann.co.uk/sennheiser_hd_280_pro_new.htm","2026-09-20","","","NO","TRADE QUOTE REQUIRED","Public market observation only; not MCQ-held stock. MCQ must confirm trade supply, selling price, availability and fulfilment before payment."
"mkt-dt770pro80","beyerdynamic","DT 770 Pro 80 Ohm","headphones","https://prosound.ixbt.com/hardsoft/beyerdynamic/dt770/0b.jpg","129","IN_STOCK_AT_SCAN","Thomann UK","https://www.thomann.co.uk/BEYERDYNAMIC_DT770_pro80_ohm.htm","2026-09-20","","","NO","TRADE QUOTE REQUIRED","Public market observation only; not MCQ-held stock. MCQ must confirm trade supply, selling price, availability and fulfilment before payment."
"mkt-athm40x","Audio-Technica","ATH-M40X","headphones","https://www.audio-wave.com/cdn/shop/files/7b5d516e-1f801e_dd5d0568f00847f2a8dd1ead63ebb7a7_mv2.png?v=1766844151&width=1946","95","IN_STOCK_AT_SCAN","Thomann UK","https://www.thomann.co.uk/audio_technica_ath_m40_x.htm","2026-09-20","","","NO","TRADE QUOTE REQUIRED","Public market observation only; not MCQ-held stock. MCQ must confirm trade supply, selling price, availability and fulfilment before payment."
"mkt-beta58a","Shure","Beta 58A","microphones","https://lojashure.vtexassets.com/arquivos/ids/161717-500-500/BETA58A-.jpg?v=638563232138630000","159","IN_STOCK_AT_SCAN","Thomann UK","https://www.thomann.co.uk/shure_beta_58_a.htm","2026-09-20","","","NO","TRADE QUOTE REQUIRED","Public market observation only; not MCQ-held stock. MCQ must confirm trade supply, selling price, availability and fulfilment before payment."
"mkt-sm7b","Shure","SM7B","microphones","https://i.ebayimg.com/images/g/P88AAOSwXLJkh0AY/s-l1600.jpg","344","CURRENT_LISTING_VERIFY_STOCK","Thomann UK","https://www.thomann.co.uk/shure_microphones.html","2026-09-20","","","NO","TRADE QUOTE REQUIRED","Public market observation only; not MCQ-held stock. MCQ must confirm trade supply, selling price, availability and fulfilment before payment."
"mkt-rode-nt1-5-black","Rode","NT1 5th Generation Black","microphones","https://www.swingcitymusic.com/wp-content/uploads/2024/06/NT1-5th-Generation-Condensor-Microphone.png","166","IN_STOCK_AT_SCAN","Thomann UK","https://www.thomann.co.uk/rode_nt1_5th_generation_black.htm","2026-09-20","","","NO","TRADE QUOTE REQUIRED","Public market observation only; not MCQ-held stock. MCQ must confirm trade supply, selling price, availability and fulfilment before payment."
"mkt-e945","Sennheiser","e945","microphones","https://cs-a.ecimg.tw/items/QBAW1NA9009441H/000007_1773137520.jpg","148","CURRENT_LISTING_VERIFY_STOCK","Thomann UK","https://www.thomann.co.uk/sennheiser_e945_gesangsmikrofon.htm","2026-09-20","","","NO","TRADE QUOTE REQUIRED","Public market observation only; not MCQ-held stock. MCQ must confirm trade supply, selling price, availability and fulfilment before payment."
"mkt-krk-rp5-g5","KRK","Rokit RP5 G5","studio","https://www.energyson.fr/193606/rokit-rp5-g5.jpg","138","CURRENT_LISTING_HIGH_AVAILABILITY","Thomann UK","https://www.thomann.co.uk/krk_rokit_rp5_g5.htm","2026-09-20","","","NO","TRADE QUOTE REQUIRED","Public market observation only; not MCQ-held stock. MCQ must confirm trade supply, selling price, availability and fulfilment before payment."
"mkt-yamaha-hs8","Yamaha","HS8","studio","https://images.tcdn.com.br/img/img_prod/1148871/monitor_de_referencia_yamaha_hs8_para_estudio_120w_rms_preto_601_1_2f25415456746a8dccca689bdf3079ae.jpg","249","IN_STOCK_AT_SCAN","Thomann UK","https://www.thomann.co.uk/yamaha_hs_8.htm","2026-09-20","","","NO","TRADE QUOTE REQUIRED","Public market observation only; not MCQ-held stock. MCQ must confirm trade supply, selling price, availability and fulfilment before payment."
"mkt-focusrite-2i2-4g","Focusrite","Scarlett 2i2 4th Gen","audio-interfaces","https://i5.walmartimages.com/asr/be6b23e2-6ad2-457f-9b99-92f15b509445.97d93ff3db679d8d3452f18c8fe1ced2.jpeg","166","IN_STOCK_AT_SCAN","Thomann UK","https://www.thomann.co.uk/focusrite_scarlett_2i2_4th_generation.htm","2026-09-20","","","NO","TRADE QUOTE REQUIRED","Public market observation only; not MCQ-held stock. MCQ must confirm trade supply, selling price, availability and fulfilment before payment."
"mkt-ua-volt2","Universal Audio","Volt 2","audio-interfaces","https://static.univers-sons.com/img/library/zoom/79/US/79340_1.jpg","129","CURRENT_LISTING_VERIFY_PRICE_STOCK","Thomann UK","https://www.thomann.co.uk/universal_audio_volt_2.htm","2026-09-20","","","NO","TRADE QUOTE REQUIRED","Public market observation only; not MCQ-held stock. MCQ must confirm trade supply, selling price, availability and fulfilment before payment."
"mkt-qsc-k12-2","QSC","K12.2","pa","https://vmt.in/cdn/shop/products/k12.2_1200x1200.jpg?v=1624859619","869","IN_STOCK_AT_SCAN","Thomann UK","https://www.thomann.co.uk/qsc_k_12.2.htm","2026-09-20","","","NO","TRADE QUOTE REQUIRED","Public market observation only; not MCQ-held stock. MCQ must confirm trade supply, selling price, availability and fulfilment before payment."
"mkt-ev-zlx12p-g2","Electro-Voice","ZLX-12P-G2","pa","https://www.elektroniksatis.com/shop/at/10/myassets/products/324/electro-voice-zlx12p-gii-3image.jpg?revision=1725276469","459","IN_STOCK_AT_SCAN","Thomann UK","https://www.thomann.co.uk/ev_zlx_12p_g2.htm","2026-09-20","","","NO","TRADE QUOTE REQUIRED","Public market observation only; not MCQ-held stock. MCQ must confirm trade supply, selling price, availability and fulfilment before payment."
"mkt-jbl-prx912","JBL","PRX912","pa","https://cdn11.bigcommerce.com/s-31108/images/stencil/1280x1280/products/3885/26915/JBL_PRX912_A__49947.1672251754.jpg?c=2","839","IN_STOCK_AT_SCAN","Thomann UK","https://www.thomann.co.uk/jbl_prx912.htm","2026-09-20","","","NO","TRADE QUOTE REQUIRED","Public market observation only; not MCQ-held stock. MCQ must confirm trade supply, selling price, availability and fulfilment before payment."
"mkt-bose-s1-pro-plus","Bose","S1 Pro Plus","pa","https://bettercomponents.com.ph/cdn/shop/files/3_ef5a31f4-9575-44be-b7e9-8ffbbb51fedf.png?v=1756439153","585","CURRENT_LISTING_VERIFY_STOCK","Thomann UK","https://www.thomann.co.uk/bose.html","2026-09-20","","","NO","TRADE QUOTE REQUIRED","Public market observation only; not MCQ-held stock. MCQ must confirm trade supply, selling price, availability and fulfilment before payment."
"mkt-ortofon-club-twin","Ortofon","Concorde Club MKII Twin","dj-cartridges","https://static.bax-shop.es/image/product/455710/1501568/3d49ada8/1533634683TWINCLUB03.jpg","259","IN_STOCK_AT_SCAN","Thomann UK","https://www.thomann.co.uk/ortofon_concorde_club_mkii_twin.htm","2026-09-20","","","NO","TRADE QUOTE REQUIRED","Public market observation only; not MCQ-held stock. MCQ must confirm trade supply, selling price, availability and fulfilment before payment."
"mkt-at-lp140xp","Audio-Technica","AT-LP140XP Black","turntables","https://f.fcdn.app/imgs/144b42/www.palaciodelamusica.com.uy/pmusuy/b5f8/original/catalogo/ATLP140-ATLP140_1/1920-1200/bandeja-de-vinilo-audio-technica-atlp140xp-negro-bandeja-de-vinilo-audio-technica-atlp140xp-negro.jpg","393","EXPECTED_STOCK_8_10_WEEKS_AT_SCAN","Thomann UK","https://www.thomann.co.uk/audio_technica_at_lp140xp_black.htm","2026-09-20","","","NO","TRADE QUOTE REQUIRED","Public market observation only; not MCQ-held stock. MCQ must confirm trade supply, selling price, availability and fulfilment before payment."
"mkt-shure-mv7-plus","Shure","MV7 Plus","microphones","https://content.abt.com/image.php/53a3dbee513968d6d742b801a311aa1c?canvas=&ck=2&height=750&image=%2Fimages%2Fproducts%2FBDP_Images%2Fshure-microphone-MV7PLUS-K-front-right.jpg&width=750","266","IN_STOCK_AT_SCAN","Thomann UK","https://www.thomann.co.uk/shure_mv7_plus.htm","2026-09-20","","","NO","TRADE QUOTE REQUIRED","Public market observation only; not MCQ-held stock. MCQ must confirm trade supply, selling price, availability and fulfilment before payment."
"mkt-rode-wireless-pro","Rode","Wireless PRO","wireless-microphones","https://www.syntex.cz/media/produkty/28231/rode-wireless-pro-hero-three-quarter-4000x4000-rgb-2000x2000-064a3d6.png","199","CURRENT_LISTING_VERIFY_STOCK","Thomann UK","https://www.thomann.co.uk/rode.html","2026-09-20","","","NO","TRADE QUOTE REQUIRED","Public market observation only; not MCQ-held stock. MCQ must confirm trade supply, selling price, availability and fulfilment before payment."
"mkt-jbl-eon-one-compact","JBL","EON ONE Compact","pa","https://www.pasolutions.gr/images/thumbs/0575520.jpeg","469","CURRENT_LISTING_VERIFY_STOCK","Thomann UK","https://www.thomann.co.uk/jbl.html","2026-09-20","","","NO","TRADE QUOTE REQUIRED","Public market observation only; not MCQ-held stock. MCQ must confirm trade supply, selling price, availability and fulfilment before payment."
"mkt-krk-rp7-g5","KRK","Rokit RP7 G5","studio","https://www.bopdj.com/media/catalog/product/cache/6240c9497dac56499a425c67ba642167/p/r/preview_35_2.jpg","169","IN_STOCK_AT_SCAN","Thomann UK","https://www.thomann.co.uk/krk_rokit_rp7_g5.htm","2026-09-20","","","NO","TRADE QUOTE REQUIRED","Public market observation only; not MCQ-held stock. MCQ must confirm trade supply, selling price, availability and fulfilment before payment."
"mkt-adam-t7v","ADAM Audio","T7V","studio","https://cs-a.ecimg.tw/items/DMAFHQA900GSLFG/000001_1698836943.jpg","209","IN_STOCK_AT_SCAN","Thomann UK","https://www.thomann.co.uk/adam_t7v.htm","2026-09-20","","","NO","TRADE QUOTE REQUIRED","Public market observation only; not MCQ-held stock. MCQ must confirm trade supply, selling price, availability and fulfilment before payment."
"mkt-genelec-8010ap","Genelec","8010 AP","studio","https://cdn11.bigcommerce.com/s-hvzya2q3vy/images/stencil/1280x1280/products/3558/5323/gen8010__01602.1593200675.jpg?c=1","259","CURRENT_LISTING_VERIFY_PRICE_STOCK","Thomann UK","https://www.thomann.co.uk/genelec.html","2026-09-20","","","NO","TRADE QUOTE REQUIRED","Public market observation only; not MCQ-held stock. MCQ must confirm trade supply, selling price, availability and fulfilment before payment."
"mkt-kali-lp6-2w","Kali Audio","LP-6 2nd Wave","studio","https://www.otaiweb.com/syosaipic/kaliaudio/p17357_2.jpg","179","IN_STOCK_AT_SCAN","Thomann UK","https://www.thomann.co.uk/kali_audio_lp_6_2nd_wave.htm","2026-09-20","","","NO","TRADE QUOTE REQUIRED","Public market observation only; not MCQ-held stock. MCQ must confirm trade supply, selling price, availability and fulfilment before payment."
"mkt-at2020","Audio-Technica","AT2020","microphones","https://d1aeri3ty3izns.cloudfront.net/media/36/369723/1200/preview.jpg","79","IN_STOCK_AT_SCAN","Thomann UK","https://www.thomann.co.uk/audio_technica_at2020.htm","2026-09-20","","","NO","TRADE QUOTE REQUIRED","Public market observation only; not MCQ-held stock. MCQ must confirm trade supply, selling price, availability and fulfilment before payment."
"mkt-shure-blx24-sm58-s8","Shure","BLX24/SM58 S8","wireless-microphones","https://products.shureweb.eu/cdn-cgi/image/width%3D1380%2Cheight%3D1380%2Cformat%3Dauto/shure_product_db/product_images/files/14f/cc2/ef-/original/8c6eef6bda08ea0ab5062c6ae77424fc.webp","325","IN_STOCK_AT_SCAN","Thomann UK","https://www.thomann.co.uk/shure_blx24sm58_s8.htm","2026-09-20","","","NO","TRADE QUOTE REQUIRED","Public market observation only; not MCQ-held stock. MCQ must confirm trade supply, selling price, availability and fulfilment before payment."
"mkt-ortofon-dj-twin","Ortofon","Concorde DJ MKII Twin","dj-cartridges","https://static.univers-sons.com/img/library/zoom/60/US/60302_1.jpg","189","IN_STOCK_AT_SCAN","Thomann UK","https://www.thomann.co.uk/ortofon_concorde_dj_mkii_twin.htm","2026-09-20","","","NO","TRADE QUOTE REQUIRED","Public market observation only; not MCQ-held stock. MCQ must confirm trade supply, selling price, availability and fulfilment before payment."
"mkt-g4m-hercules-starlight","Hercules","DJControl Starlight","dj","","60.2","2_IN_STOCK_AT_SCAN","Gear4music","https://www.gear4music.com/dj-equipment/dj-controllers","2026-09-20","","","NO","TRADE QUOTE REQUIRED","Public market observation only; not MCQ-held stock. MCQ must confirm trade supply, selling price, availability and fulfilment before payment."
"mkt-g4m-hercules-control-mix","Hercules","DJControl Mix","dj","","75.4","10_IN_STOCK_AT_SCAN","Gear4music","https://www.gear4music.com/dj-equipment/dj-controllers","2026-09-20","","","NO","TRADE QUOTE REQUIRED","Public market observation only; not MCQ-held stock. MCQ must confirm trade supply, selling price, availability and fulfilment before payment."
"mkt-g4m-mixtrack-go","Numark","MixTrack Go","dj","","79","20_PLUS_IN_STOCK_AT_SCAN","Gear4music","https://www.gear4music.com/dj-equipment/dj-controllers","2026-09-20","","","NO","TRADE QUOTE REQUIRED","Public market observation only; not MCQ-held stock. MCQ must confirm trade supply, selling price, availability and fulfilment before payment."
"mkt-g4m-party-mix-ii","Numark","Party Mix II","dj","https://cdn.sanity.io/images/5skqgt41/production/b743f2ae83cdbecb5cd77f6f49dbf3568d7a3b66-1000x1000.jpg?auto=format","88","4_IN_STOCK_AT_SCAN","Gear4music","https://www.gear4music.com/dj-equipment/dj-controllers","2026-09-20","","","NO","TRADE QUOTE REQUIRED","Public market observation only; not MCQ-held stock. MCQ must confirm trade supply, selling price, availability and fulfilment before payment."
"mkt-g4m-inpulse-200-mk3","Hercules","DJControl Inpulse 200 MK3","dj","https://media.musicarts.com/is/image/MMGS7/M28110000000000-00-2000x2000.jpg","89.99","4_IN_STOCK_AT_SCAN","Gear4music","https://www.gear4music.com/dj-equipment/dj-controllers","2026-09-20","","","NO","TRADE QUOTE REQUIRED","Public market observation only; not MCQ-held stock. MCQ must confirm trade supply, selling price, availability and fulfilment before payment."
"mkt-g4m-party-mix-live","Numark","Party Mix Live","dj","https://www.altomusic.com/cdn/shop/files/partymixlive_ortho_hires.jpg?v=1692041999","115.25","3_IN_STOCK_AT_SCAN","Gear4music","https://www.gear4music.com/dj-equipment/dj-controllers","2026-09-20","","","NO","TRADE QUOTE REQUIRED","Public market observation only; not MCQ-held stock. MCQ must confirm trade supply, selling price, availability and fulfilment before payment."
"mkt-g4m-party-mix-iii","Numark","Party Mix III","dj","","118","20_PLUS_IN_STOCK_AT_SCAN","Gear4music","https://www.gear4music.com/dj-equipment/dj-controllers","2026-09-20","","","NO","TRADE QUOTE REQUIRED","Public market observation only; not MCQ-held stock. MCQ must confirm trade supply, selling price, availability and fulfilment before payment."
"mkt-g4m-control-mix-ultra","Hercules","DJControl Mix Ultra","dj","https://static.strumenti.net/product/750/2025/03/24/74/herculesdj-herculesdjcontrolmixultra-7.jpg","149.99","13_IN_STOCK_AT_SCAN","Gear4music","https://www.gear4music.com/dj-equipment/dj-controllers","2026-09-20","","","NO","TRADE QUOTE REQUIRED","Public market observation only; not MCQ-held stock. MCQ must confirm trade supply, selling price, availability and fulfilment before payment."
"mkt-g4m-ddj-flx2","AlphaTheta","DDJ-FLX2","dj","https://media.musicarts.com/is/image/MMGS7/M16278000000001-00-2000x2000.jpg","159","1_IN_STOCK_AT_SCAN","Gear4music","https://www.gear4music.com/dj-equipment/dj-controllers","2026-09-20","","","NO","TRADE QUOTE REQUIRED","Public market observation only; not MCQ-held stock. MCQ must confirm trade supply, selling price, availability and fulfilment before payment."
"mkt-g4m-xone-k3","Allen & Heath","XONE:K3","dj","","185","6_IN_STOCK_AT_SCAN","Gear4music","https://www.gear4music.com/dj-equipment/dj-controllers","2026-09-20","","","NO","TRADE QUOTE REQUIRED","Public market observation only; not MCQ-held stock. MCQ must confirm trade supply, selling price, availability and fulfilment before payment."
"mkt-g4m-traktor-z1-mk2","Native Instruments","Traktor Z1 MK2","dj","","190.25","1_IN_STOCK_AT_SCAN","Gear4music","https://www.gear4music.com/dj-equipment/dj-controllers","2026-09-20","","","NO","TRADE QUOTE REQUIRED","Public market observation only; not MCQ-held stock. MCQ must confirm trade supply, selling price, availability and fulfilment before payment."
"mkt-g4m-mixtrack-pro-fx","Numark","Mixtrack Pro FX","dj","https://www.belfieldmusic.com.au/cdn/shop/products/Numark-Mixtrack-Pro-FX-DJ-Controller-2_1200x.jpg?v=1774612866","192.25","12_IN_STOCK_AT_SCAN","Gear4music","https://www.gear4music.com/dj-equipment/dj-controllers","2026-09-20","","","NO","TRADE QUOTE REQUIRED","Public market observation only; not MCQ-held stock. MCQ must confirm trade supply, selling price, availability and fulfilment before payment."
"mkt-g4m-traktor-x1-mk3","Native Instruments","Traktor X1 MK3","dj","https://media.musicarts.com/is/image/MMGS7/M05867000000001-04-2000x2000.jpg","225","1_IN_STOCK_AT_SCAN","Gear4music","https://www.gear4music.com/dj-equipment/dj-controllers","2026-09-20","","","NO","TRADE QUOTE REQUIRED","Public market observation only; not MCQ-held stock. MCQ must confirm trade supply, selling price, availability and fulfilment before payment."
"mkt-g4m-mixtrack-platinum-fx","Numark","Mixtrack Platinum FX","dj","https://thedjhookup.com/cdn/shop/files/numark_mixtrackplatinumfx_ortho_hires.jpg?v=1775934686&width=3000","249","19_IN_STOCK_AT_SCAN","Gear4music","https://www.gear4music.com/dj-equipment/dj-controllers","2026-09-20","","","NO","TRADE QUOTE REQUIRED","Public market observation only; not MCQ-held stock. MCQ must confirm trade supply, selling price, availability and fulfilment before payment."
"mkt-g4m-roland-dj202","Roland","DJ-202","dj","https://www.musicalesdoris.com/cdn/shop/files/ae812fa04266b46daf6a9dad7703a9ea-controlador-roland-pdj-para-serato-dj-202.jpg?v=1736611513","258","10_IN_STOCK_AT_SCAN","Gear4music","https://www.gear4music.com/dj-equipment/dj-controllers","2026-09-20","","","NO","TRADE QUOTE REQUIRED","Public market observation only; not MCQ-held stock. MCQ must confirm trade supply, selling price, availability and fulfilment before payment."
"mkt-g4m-inpulse-500","Hercules","DJControl Inpulse 500","dj","","260","4_IN_STOCK_AT_SCAN","Gear4music","https://www.gear4music.com/dj-equipment/dj-controllers","2026-09-20","","","NO","TRADE QUOTE REQUIRED","Public market observation only; not MCQ-held stock. MCQ must confirm trade supply, selling price, availability and fulfilment before payment."
"mkt-g4m-ddj-rev1","Pioneer DJ","DDJ-REV1","dj","https://static.strumenti.net/product/1024x768/2022/01/14/32/pioneerdj-pioneerddjrev1-9.jpg","305","AVAILABLE_TO_ORDER_AT_SCAN","Gear4music","https://www.gear4music.com/dj-equipment/dj-controllers","2026-09-20","","","NO","TRADE QUOTE REQUIRED","Public market observation only; not MCQ-held stock. MCQ must confirm trade supply, selling price, availability and fulfilment before payment."
"mkt-g4m-phase-essential","MWM","Phase Essential","dj","","344.99","4_IN_STOCK_AT_SCAN","Gear4music","https://www.gear4music.com/dj-equipment/dj-controllers","2026-09-20","","","NO","TRADE QUOTE REQUIRED","Public market observation only; not MCQ-held stock. MCQ must confirm trade supply, selling price, availability and fulfilment before payment."
"mkt-g4m-roland-dj505","Roland","DJ-505","dj","https://media.musicarts.com/is/image/MMGS7/DJ-505-DJ-Serato-DJ-Controller/K40920000000000-00-1600x1600.jpg","555","2_IN_STOCK_AT_SCAN","Gear4music","https://www.gear4music.com/dj-equipment/dj-controllers","2026-09-20","","","NO","TRADE QUOTE REQUIRED","Public market observation only; not MCQ-held stock. MCQ must confirm trade supply, selling price, availability and fulfilment before payment."
"mkt-g4m-inpulse-t7","Hercules","DJControl Inpulse T7","dj","https://www.recordcase.de/media/7e/d3/62/1700595103/hercules-dj-control-inpulse-t7-top-view.jpg?ts=1700637548","566","7_IN_STOCK_AT_SCAN","Gear4music","https://www.gear4music.com/dj-equipment/dj-controllers","2026-09-20","","","NO","TRADE QUOTE REQUIRED","Public market observation only; not MCQ-held stock. MCQ must confirm trade supply, selling price, availability and fulfilment before payment."
"mkt-g4m-mixstream-pro-go","Numark","Mixstream Pro Go","dj","https://i.ebayimg.com/images/g/JJsAAOSwsR5kXftX/s-l1200.png","698","3_IN_STOCK_AT_SCAN","Gear4music","https://www.gear4music.com/dj-equipment/dj-controllers","2026-09-20","","","NO","TRADE QUOTE REQUIRED","Public market observation only; not MCQ-held stock. MCQ must confirm trade supply, selling price, availability and fulfilment before payment."
"mkt-g4m-prime-go-plus","Denon DJ","Prime GO+","dj","","890","3_IN_STOCK_AT_SCAN","Gear4music","https://www.gear4music.com/dj-equipment/dj-controllers","2026-09-20","","","NO","TRADE QUOTE REQUIRED","Public market observation only; not MCQ-held stock. MCQ must confirm trade supply, selling price, availability and fulfilment before payment."
"mkt-g4m-roland-dj707m","Roland","DJ-707M","dj","https://images.idjnow.com/media/catalog/product/cache/2bfb84ebd03c42826a667517c66aef1f/r/o/roland-dj-707m-4-channel-4-deck-serato-dj-pro-controller.jpg","961","6_IN_STOCK_AT_SCAN","Gear4music","https://www.gear4music.com/dj-equipment/dj-controllers","2026-09-20","","","NO","TRADE QUOTE REQUIRED","Public market observation only; not MCQ-held stock. MCQ must confirm trade supply, selling price, availability and fulfilment before payment."
"mkt-g4m-ddj-rev5","Pioneer DJ","DDJ-REV5","dj","https://pioneer.hr/4259/ddj-rev5.jpg","1061","AVAILABLE_TO_ORDER_AT_SCAN","Gear4music","https://www.gear4music.com/dj-equipment/dj-controllers","2026-09-20","","","NO","TRADE QUOTE REQUIRED","Public market observation only; not MCQ-held stock. MCQ must confirm trade supply, selling price, availability and fulfilment before payment."
"mkt-g4m-rane-one-mk2","RANE","ONE MK2","dj","","1299","8_IN_STOCK_AT_SCAN","Gear4music","https://www.gear4music.com/dj-equipment/dj-controllers","2026-09-20","","","NO","TRADE QUOTE REQUIRED","Public market observation only; not MCQ-held stock. MCQ must confirm trade supply, selling price, availability and fulfilment before payment."
"mkt-g4m-mackie-thump210","Mackie","Thump210","pa","https://www.markertek.com/productImage/alternate-1/hi-res/MCK-THUMP210.JPG","289","12_IN_STOCK_AT_SCAN","Gear4music","https://www.gear4music.com/PA-DJ-and-Lighting/PA-Speakers","2026-09-20","","","NO","TRADE QUOTE REQUIRED","Public market observation only; not MCQ-held stock. MCQ must confirm trade supply, selling price, availability and fulfilment before payment."
"mkt-g4m-yamaha-dbr10","Yamaha","DBR10","pa","","337","20_PLUS_IN_STOCK_AT_SCAN","Gear4music","https://www.gear4music.com/PA-DJ-and-Lighting/PA-Speakers","2026-09-20","","","NO","TRADE QUOTE REQUIRED","Public market observation only; not MCQ-held stock. MCQ must confirm trade supply, selling price, availability and fulfilment before payment."
"mkt-g4m-mackie-thump12-v4","Mackie","Thump 12 V4","pa","","375","20_PLUS_IN_STOCK_AT_SCAN","Gear4music","https://www.gear4music.com/PA-DJ-and-Lighting/PA-Speakers","2026-09-20","","","NO","TRADE QUOTE REQUIRED","Public market observation only; not MCQ-held stock. MCQ must confirm trade supply, selling price, availability and fulfilment before payment."
"mkt-g4m-yamaha-dbr12","Yamaha","DBR12","pa","","399","18_IN_STOCK_AT_SCAN","Gear4music","https://www.gear4music.com/PA-DJ-and-Lighting/PA-Speakers","2026-09-20","","","NO","TRADE QUOTE REQUIRED","Public market observation only; not MCQ-held stock. MCQ must confirm trade supply, selling price, availability and fulfilment before payment."
"mkt-g4m-ev-zlx8p-g2","Electro-Voice","ZLX-8P G2","pa","","419","2_IN_STOCK_AT_SCAN","Gear4music","https://www.gear4music.com/PA-DJ-and-Lighting/PA-Speakers","2026-09-20","","","NO","TRADE QUOTE REQUIRED","Public market observation only; not MCQ-held stock. MCQ must confirm trade supply, selling price, availability and fulfilment before payment."
"mkt-g4m-yamaha-dxr8mkii","Yamaha","DXR8mkII","pa","","436","16_IN_STOCK_AT_SCAN","Gear4music","https://www.gear4music.com/PA-DJ-and-Lighting/PA-Speakers","2026-09-20","","","NO","TRADE QUOTE REQUIRED","Public market observation only; not MCQ-held stock. MCQ must confirm trade supply, selling price, availability and fulfilment before payment."
"mkt-g4m-jbl-eon712","JBL","EON712","pa","https://musiccenter.pl/userdata/public/gfx/39931/jbl-eon712.jpg","467","17_IN_STOCK_AT_SCAN","Gear4music","https://www.gear4music.com/PA-DJ-and-Lighting/PA-Speakers","2026-09-20","","","NO","TRADE QUOTE REQUIRED","Public market observation only; not MCQ-held stock. MCQ must confirm trade supply, selling price, availability and fulfilment before payment."
"mkt-g4m-rcf-art712-mk5","RCF","ART 712-A MK5","pa","","484","12_IN_STOCK_AT_SCAN","Gear4music","https://www.gear4music.com/PA-DJ-and-Lighting/PA-Speakers","2026-09-20","","","NO","TRADE QUOTE REQUIRED","Public market observation only; not MCQ-held stock. MCQ must confirm trade supply, selling price, availability and fulfilment before payment."
"mkt-g4m-yamaha-dbr15","Yamaha","DBR15","pa","https://fawleymusic.com/images/product/large/ae00-1112_2_.jpg","495","20_IN_STOCK_AT_SCAN","Gear4music","https://www.gear4music.com/PA-DJ-and-Lighting/PA-Speakers","2026-09-20","","","NO","TRADE QUOTE REQUIRED","Public market observation only; not MCQ-held stock. MCQ must confirm trade supply, selling price, availability and fulfilment before payment."
"mkt-g4m-rcf-art910a","RCF","ART 910-A","pa","","532","9_IN_STOCK_AT_SCAN","Gear4music","https://www.gear4music.com/PA-DJ-and-Lighting/PA-Speakers","2026-09-20","","","NO","TRADE QUOTE REQUIRED","Public market observation only; not MCQ-held stock. MCQ must confirm trade supply, selling price, availability and fulfilment before payment."
"mkt-g4m-ev-zlx15p-g2","Electro-Voice","ZLX-15P G2","pa","","534","6_IN_STOCK_AT_SCAN","Gear4music","https://www.gear4music.com/PA-DJ-and-Lighting/PA-Speakers","2026-09-20","","","NO","TRADE QUOTE REQUIRED","Public market observation only; not MCQ-held stock. MCQ must confirm trade supply, selling price, availability and fulfilment before payment."
"mkt-g4m-yamaha-dhr12m","Yamaha","DHR12M","pa","https://soundpro.com/cdn/shop/files/122972_Yamaha-DHR12M-12-Inch-Powered-Stage-Monitor_2.jpg?v=1768868669&width=1946","566","14_IN_STOCK_AT_SCAN","Gear4music","https://www.gear4music.com/PA-DJ-and-Lighting/PA-Speakers","2026-09-20","","","NO","TRADE QUOTE REQUIRED","Public market observation only; not MCQ-held stock. MCQ must confirm trade supply, selling price, availability and fulfilment before payment."
"mkt-g4m-qsc-cp8","QSC","CP8","pa","https://shop.theartsmusicstore.com/cdn/shop/products/0000_a3fd1962-b73f-4e17-8ae1-4e6f31aeebac_1024x1024.jpg?v=1571678656","481","11_IN_STOCK_AT_SCAN","Gear4music","https://www.gear4music.com/PA-DJ-and-Lighting/QSC","2026-09-20","","","NO","TRADE QUOTE REQUIRED","Public market observation only; not MCQ-held stock. MCQ must confirm trade supply, selling price, availability and fulfilment before payment."
"mkt-g4m-qsc-cp12","QSC","CP12","pa","","596","10_IN_STOCK_AT_SCAN","Gear4music","https://www.gear4music.com/PA-DJ-and-Lighting/QSC","2026-09-20","","","NO","TRADE QUOTE REQUIRED","Public market observation only; not MCQ-held stock. MCQ must confirm trade supply, selling price, availability and fulfilment before payment."
"mkt-g4m-qsc-k82","QSC","K8.2","pa","","692","5_IN_STOCK_AT_SCAN","Gear4music","https://www.gear4music.com/PA-DJ-and-Lighting/QSC","2026-09-20","","","NO","TRADE QUOTE REQUIRED","Public market observation only; not MCQ-held stock. MCQ must confirm trade supply, selling price, availability and fulfilment before payment."
"mkt-g4m-plx500-black","Pioneer DJ","PLX-500 Black","turntables","https://easymusiccenter.com/cdn/shop/products/PLX-500-K_2043x.jpg?v=1621507052","353","1_IN_STOCK_AT_SCAN","Gear4music","https://www.gear4music.com/PA-DJ-and-Lighting/DJ-Turntables","2026-09-20","","","NO","TRADE QUOTE REQUIRED","Public market observation only; not MCQ-held stock. MCQ must confirm trade supply, selling price, availability and fulfilment before payment."
"mkt-g4m-plx500-white","Pioneer DJ","PLX-500 White","turntables","","367","2_IN_STOCK_AT_SCAN","Gear4music","https://www.gear4music.com/PA-DJ-and-Lighting/DJ-Turntables","2026-09-20","","","NO","TRADE QUOTE REQUIRED","Public market observation only; not MCQ-held stock. MCQ must confirm trade supply, selling price, availability and fulfilment before payment."
"mkt-g4m-sl1200mk7-silver","Technics","SL-1200MK7 Silver","turntables","","886","MORE_ON_THE_WAY_AT_SCAN","Gear4music","https://www.gear4music.com/PA-DJ-and-Lighting/DJ-Turntables","2026-09-20","","","NO","TRADE QUOTE REQUIRED","Public market observation only; not MCQ-held stock. MCQ must confirm trade supply, selling price, availability and fulfilment before payment."
"mkt-g4m-plx-crss12","Pioneer DJ","PLX-CRSS12","turntables","","1291","AVAILABLE_TO_ORDER_AT_SCAN","Gear4music","https://www.gear4music.com/PA-DJ-and-Lighting/DJ-Turntables","2026-09-20","","","NO","TRADE QUOTE REQUIRED","Public market observation only; not MCQ-held stock. MCQ must confirm trade supply, selling price, availability and fulfilment before payment."
"mkt-g4m-pt01-scratch","Numark","PT01 Scratch","turntables","","130","AVAILABLE_TO_ORDER_AT_SCAN","Gear4music","https://www.gear4music.com/PA-DJ-and-Lighting/DJ-Turntables","2026-09-20","","","NO","TRADE QUOTE REQUIRED","Public market observation only; not MCQ-held stock. MCQ must confirm trade supply, selling price, availability and fulfilment before payment."
"mkt-g4m-chauvet-dfi-usb2","Chauvet DJ","D-Fi USB 2","lighting","","39.65","19_IN_STOCK_AT_SCAN","Gear4music","https://www.gear4music.com/PA-DJ-and-Lighting/Lighting-Controllers","2026-09-20","","","NO","TRADE QUOTE REQUIRED","Public market observation only; not MCQ-held stock. MCQ must confirm trade supply, selling price, availability and fulfilment before payment."
"mkt-g4m-enttec-open-dmx-usb","Enttec","Open DMX USB","lighting","","67.2","20_PLUS_IN_STOCK_AT_SCAN","Gear4music","https://www.gear4music.com/PA-DJ-and-Lighting/Lighting-Controllers","2026-09-20","","","NO","TRADE QUOTE REQUIRED","Public market observation only; not MCQ-held stock. MCQ must confirm trade supply, selling price, availability and fulfilment before payment."
"mkt-g4m-chauvet-obey40","Chauvet DJ","Obey 40","lighting","","109","8_IN_STOCK_AT_SCAN","Gear4music","https://www.gear4music.com/PA-DJ-and-Lighting/Lighting-Controllers","2026-09-20","","","NO","TRADE QUOTE REQUIRED","Public market observation only; not MCQ-held stock. MCQ must confirm trade supply, selling price, availability and fulfilment before payment."
"mkt-g4m-adj-dmx-operator384","ADJ","DMX Operator 384","lighting","","113.75","4_IN_STOCK_AT_SCAN","Gear4music","https://www.gear4music.com/PA-DJ-and-Lighting/Lighting-Controllers","2026-09-20","","","NO","TRADE QUOTE REQUIRED","Public market observation only; not MCQ-held stock. MCQ must confirm trade supply, selling price, availability and fulfilment before payment."
"mkt-g4m-chauvet-ils-command","Chauvet DJ","ILS Command","lighting","","229","10_IN_STOCK_AT_SCAN","Gear4music","https://www.gear4music.com/PA-DJ-and-Lighting/Lighting-Controllers","2026-09-20","","","NO","TRADE QUOTE REQUIRED","Public market observation only; not MCQ-held stock. MCQ must confirm trade supply, selling price, availability and fulfilment before payment."
